member_casual,ride_length
casual,21.568625320016675
member,12.408356500265015
